/*
SQLyog Ultimate v13.1.1 (64 bit)
MySQL - 8.0.30 : Database - suratrans
*********************************************************************
*/

/*!40101 SET NAMES utf8 */;

/*!40101 SET SQL_MODE=''*/;

/*!40014 SET @OLD_UNIQUE_CHECKS=@@UNIQUE_CHECKS, UNIQUE_CHECKS=0 */;
/*!40014 SET @OLD_FOREIGN_KEY_CHECKS=@@FOREIGN_KEY_CHECKS, FOREIGN_KEY_CHECKS=0 */;
/*!40101 SET @OLD_SQL_MODE=@@SQL_MODE, SQL_MODE='NO_AUTO_VALUE_ON_ZERO' */;
/*!40111 SET @OLD_SQL_NOTES=@@SQL_NOTES, SQL_NOTES=0 */;
CREATE DATABASE /*!32312 IF NOT EXISTS*/`suratrans` /*!40100 DEFAULT CHARACTER SET utf8mb4 COLLATE utf8mb4_general_ci */ /*!80016 DEFAULT ENCRYPTION='N' */;

USE `suratrans`;

/*Table structure for table `conventions` */

DROP TABLE IF EXISTS `conventions`;

CREATE TABLE `conventions` (
  `idConvention` int NOT NULL,
  `convention` varchar(10) CHARACTER SET utf16 COLLATE utf16_general_ci NOT NULL,
  PRIMARY KEY (`idConvention`)
) ENGINE=InnoDB DEFAULT CHARSET=utf8mb4 COLLATE=utf8mb4_general_ci;

/*Data for the table `conventions` */

insert  into `conventions`(`idConvention`,`convention`) values 
(1,'Bueno'),
(2,'Malo'),
(3,'No aplica');

/*Table structure for table `drivers` */

DROP TABLE IF EXISTS `drivers`;

CREATE TABLE `drivers` (
  `idDriver` int NOT NULL COMMENT 'id del conductor',
  `name` varchar(255) CHARACTER SET utf16 COLLATE utf16_general_ci NOT NULL COMMENT 'Nombre',
  `cellPhoneNumber` varchar(15) CHARACTER SET utf16 COLLATE utf16_general_ci DEFAULT NULL COMMENT 'Celular',
  `licenseNumber` varchar(15) COLLATE utf8mb4_general_ci DEFAULT NULL COMMENT 'Numero de licencia',
  `licenseCategoryId` int DEFAULT NULL COMMENT 'Categoria de la licencia',
  `driversLicenseExpiration` varchar(20) COLLATE utf8mb4_general_ci DEFAULT NULL COMMENT 'Fecha de vencimiento de la licencia',
  `firmsId` int DEFAULT NULL COMMENT 'Id de firmas foranea',
  PRIMARY KEY (`idDriver`),
  KEY `licenseCategoryId` (`licenseCategoryId`),
  KEY `firmsId` (`firmsId`),
  CONSTRAINT `drivers_ibfk_1` FOREIGN KEY (`licenseCategoryId`) REFERENCES `licensecategory` (`idLicenseCategory`),
  CONSTRAINT `drivers_ibfk_2` FOREIGN KEY (`firmsId`) REFERENCES `firms` (`idFirms`)
) ENGINE=InnoDB DEFAULT CHARSET=utf8mb4 COLLATE=utf8mb4_general_ci;

/*Data for the table `drivers` */

insert  into `drivers`(`idDriver`,`name`,`cellPhoneNumber`,`licenseNumber`,`licenseCategoryId`,`driversLicenseExpiration`,`firmsId`) values 
(18126775,'HAROLD RUANO','3127887123','23441342',2,'2222-02-12',50),
(69008212,'SANDRA RODRIGUEZ','3222878740','11113222',6,'3331-03-12',46),
(1006663258,'SHAYD AUGUSTO RUANO RODRIGUEZ','3107531564','23441345',3,'2023-12-04',52);

/*Table structure for table `firms` */

DROP TABLE IF EXISTS `firms`;

CREATE TABLE `firms` (
  `idFirms` int NOT NULL AUTO_INCREMENT COMMENT 'Id de la firma',
  `signature` text CHARACTER SET utf8mb4 COLLATE utf8mb4_general_ci COMMENT 'Firmas',
  PRIMARY KEY (`idFirms`)
) ENGINE=InnoDB AUTO_INCREMENT=53 DEFAULT CHARSET=utf8mb4 COLLATE=utf8mb4_general_ci;

/*Data for the table `firms` */

insert  into `firms`(`idFirms`,`signature`) values 
(46,'data:image/png;base64,iVBORw0KGgoAAAANSUhEUgAAASwAAACWCAYAAABkW7XSAAAAAXNSR0IArs4c6QAAGMxJREFUeF7tnQn0RdUUxr9kyJiUJBKVuSJkKlORkjKGIiHSQMrYZJEhmSlTytRgDiWRIUKGMg9JEiWZUhStIsP65ZzldLvvvfveO/e+e+779lqt4n/vued+59zvnbPPt/deQTYjYASMQCEIrFBIP91NI2AEjIBMWJ4ERsAIFIOACauYoXJHjYARMGF5DhgBI1AMAiasYobKHTUCRsCE5TlgBIxAMQiYsIoZKnfUCBgBE5bngBEwAsUgYMIqZqjcUSNgBExYngNGwAgUg4AJq5ihckeNgBEwYXkOGAEjUAwCJqxihsodNQJGwITlOWAEjEAxCJiwihkqd9QIGAETlueAETACxSBgwipmqNxRI2AETFieA0bACBSDgAmrmKFyR42AETBheQ4YASNQDAImrGKGyh2tIHBbSb+WFP9tgJYAARPWEgxyoa94c0k3DKR0qqQ/S/qdpDtIenDNO0FeH5d0oaRvS/pKoe/tbo9BwITl6dE1AneRtJmk70r6ZuXhT5P0oEBIK0taZc7OQWL8c5Kk70i6QNIZc7bp2xeIgAlrgeAv4aPvJen05L13lnROIKg9JK1Wg8mfJLHaYsXEyunyQEJcChmx2oLksJtJ2nACrr+RtJKkj4V/vBIraCKasAoarAF0dV9JByXvAXmsKGnN5P+D0I6T9ENJZ0o6e8r3hvTuLulKSTtJYtU2ySCvJ0y6yH9fPAImrMWPwTL14CeS7jrihQ+U9NmwimoLk10k3VMS/67axYEkj5f05rY64HbnQ8CENR9+vrs5Ai+XdEBYUaV3QVRHz7CSav7k+itZebECq3Pgf1XSWZJeu4B+zfteg77fhDXo4e3Fy+0g6VmSHlBDVhtIYtW1aGOrupGk7Wo68n5JH/Cp46KH6H/PN2H1YxyG1guc3/uE00C2YHV2kaRVe/bi95H0ghHEhXP+IT3r79J1x4S1dEPe+guzSnmTpFtPeNIJkrZpvTezPYBt4nqStq3po4lrNkyz3GXCygKjGwmSgmMrPiE+7ugjQv+EBisaviv8Wn23Ol8Xp4r4t9CS2TpEwITVIdgDfhSrEeQK0QeEIHQ/Se8LoTMQ19qSbpdg8ChJnMiVYrzb68L70Gc0YPi2SiDdUjCe2E8T1kSIfEEDBP4gafVw3bsl/UzS/QOBQV5vkMTqK7VbSPpjg7b7dgkE9bKkUzjln963Tg61PyasoY5sN+/FyurwZNvHNi9uA/mofyppfUmPlvTJpEvnJiuVbnqa9ylV0qJ19GUO+8mL8zVaM2G1DPDAm/9osg2MPqkvBwLDz/OOQGBsF5EORPuwpO0LxwY1/RFBiMqrcOq5awj3KfzV+tt9E1Z/x6bvPcOf86LQyUhW+HkgMTImvD3x7yDERIcV7cWSXt/3F2zQP1Lb7Clpb28RG6CV4RITVgYQl7SJ0yRtHE7KkCc8O/h2WFmxNUqd0ZdKulGCE9qs7w0It0jU8ZWISwQHW2YETFiZAV2S5jaR9PVkdUU2hd0lkVmBrAvpx1rN0MBt5Lm6bGBYVf1avLdlD5kH2YSVGdCeNIfeiVM7kt3FYN/oEM+RTgVtFb4q7ChJO4b/Rglebf+5kg5JcDllRPxeT6Cbqxvpu0La+LTwbdkyIWDCygRkD5qBRB4p6W6SHjqiP7mO4KtZF9Ak4Zeq2wbhYH9i0h98V1w7VEtXWqWIY4sZCxNWMUN1VUejapyVE8S0lqT7hgR3Td8kx5j/J3kYKypOA0f5bH4vCc1VtNIEo01xTa/7oqTNw/+B9OOXszTie66JQI7Ja1zbQ4AVE8nt2NZtkUG7lCtRXSSsv4dV3aht5u1DmpYUIdIe/6U9yHrR8mFJzq1jJD2lF70aQCdMWP0YRJzWOKwfHwSIbOk2zdw1fE2fznB69cFEQzUpEJi0Mijfo5FFFP3SMlhcWZ4fVsLL8M6tv6MJq3WIax9AQC0anlsGgsJJ3rTgAv4ijDg27icM5gpJtwn6J06m2DKyMiP05fMZk9BVT8Im+Wg+JOlJCQJvlbTXYiDv/KkvTLRmljlkgt+ElQnIBs2MS89bdzsVXj4V/FP4REjhyyosxylfg+5e7RKIkRUfotAfJYUeEI++ZExjlOYiN1a0LUMFm2mfX+r1ces8aSVa6vt13m8TVjuQ42QmIPhrDbZ2VI3hH4SUnL6xbYIU+mQ41XeTxIqK8ltxlTRuhUU20ep7DFF/NW6cjgySD1bFaaaKPo1tUX0xYeUbLiL2+Ui3DluyupbPCyT21+BLojDoz/N1oZWWcPzj+2KV9+qQ04qwG2ycTOI5kg5NevQNSQhOl8mi851tOkJS25wImLDmA5BtHg7yulzgsWWyFHA6R4YCinn+Y75Hdno378dHxwoBXxR1AfG9/Sr0Aoc6ITl1RgUctoDRSHhH2uRlsoifCSvTqJuwZgMSp/n+IY1u2sIPguMbYkqzE8z2lMXexbaPclfUBXxGWBnSozuGeoH8N0VNrz+im9QcTNMkU+yUIOhlskhYbPnXXaYXb+tdTVjTIYtwkxUHp3DRIKfPhJp6+KDQJpVurJoIpyFo+WGSvl95oVQ4WheOg5i1Wob+xpL+VjowU/Y/pt+JecGmvN2XVxEwYTWfExAV26KbhFuQE5DniZp6QzKO4D8STiVJCcPHVjWKTMSUKnWEReUZsoxGY3v4iCGB1PBdTg2ZV7nc31pD0MZdZhCbgZjqj5Ab8MuZ5kBq1kr/r8LBTuwf84KUMSeP6PLBiZyhjrDS0BSaAKu39P/1s/eQnPXgiO+PVadtTgRMWJMBTMkK1TKngXyQQzM+KAjq3yFFDMLUUYYPjwITGNvHVM3OChRJx0rJzcQ99k2q0cX4cZpK2p1xhxNd9GMwzzBhjR/KNYIvhpMxVla3GszIX/1F0Aj9IlRm5jCBre444yOM0oaqKHIrSScmN/+2QY3CgcJ6lb8Tx/ukiIChvn/29zJhjYeUVQSrCWyoamXIipUVpIzsAPnBJCP2MVa8QX0fK+Zw36vCCWps472Sdp7U4ED/jvbsfmFVjmbNNicCJqzRAN5AEsLO6GQnkJeiA0My3hE1/j3C4QHviFShicViE1zLNjl+kN+SRMn3aKwwqKyzbLZaCKWq4rNsOGR9XxPWaDg3SvKOD9FpSogNWzfqB3KKR56qf04xu1I/VvTR3DScLqbNEJSNJmvZLMWHvGX4P21zImDCGg1g6mwf4nYwpomBrB47xcoqIkZQ8+mS1gn/B451yIkwnmiITsmJtYyWzh9/Z5lmgIEcDWSat5yrhlQoEz8VaYoRuiIMJXfTLIZcAU0WRlEKCCyVe7xNEnnOl9EQFJN40Q73jKNvwmpOWEOYeGzZyKn+zBDbSDK9ebN/VtMlxzTOIEvF5+MyztdSmiKHPXo2DLkILgVbBgRMWKNBJJTkx5LWDpdQvoo0K6UaqV0oH0/xU379H5PJr/KeEGsILv8K0oiIEXm0Zl29lYoz/Y4HEpA1pG3LhIAJazyQ5KbaMFxCqEmsdJwJ/s6aoYgpJ3WEFn1B0lMzEwkaLootpIajHZ/WMhrZLJCJONNo5tE3YY0HNNVhlRrAyhg/L2ReQKFP5oXcp3bV1MmgilI+atgyT9teNxfjB5c1frLVwTFhjYc3hlZwVYk5jdjWItykuMUJobAnyvPcRk76apA0YlGevUxGqp1LJF07RAKQxNCWEQET1ngwqyuHukDfjMORtanrBuU6hwUk4NteEqLOtoy0OghRow3pVLUpZqnKnxREbJVtGREwYY0Hs7pyqAb6ZhyKrE0xru8KcWysqHaS9KWsT7h6Y9WoAP5KipkoeWjx0b1pesUQroQ+jYMITmJtmREwYU0GNN0WluLHiqJQyIo8VG1nSuBgggOKqi3T/IpSBqIFiB7gJNaWGYFlmlCzQretJPKyXys0QFI7RJJ9NKr1kKvrgUFfReGDLsqkU9mYQq1Vy1Vpuo9YV/vE6Sv5/akD+fASOlxiH01YzUYtLQhKrUA0TH0zUt9AGvjZSIXDR4OSvQujms5+Ix40rrJOF33r4hmEJZHPHxEtSn8KxtpaQMCE1QxUwlf45Yx27xCG0uzu9q/CwU0MH6liLgxkRZ3DrowVaCqQxMH/xlB9mj4MMdNFim1MI4OTHWX7RV0Bv2zPMWE1G3GOqY8N6W7BjJznaQn2Zq20cxUrKVZWMUcVqz8+oC6tmhIZxzOrDopz4JCnDuOOlcDoLvvX5rPYfp8SMrWSBprDBltLCJiwmgPLCuITId85tQXvHCo2N28h/5WQFX4i9FaQAv97EXFrVMMh9AejPD25oDD8f4hvITCkFTimT8sPw8JaJIKAikKo/FnR4t+8bGG9WYIHm7CaDzJYsXLZOMTLLTqTJh/HSaEuIFk/EYcuou7fqmEbGpGkD9QgjPbKENJ0vaADo9AFpDYE490OCDGUaLDQ7dlaRMCENR24afkqAn2JlcPB3bVtnhTC4BSQ5Ht15bi66Bf+s9S5X1dwIZ6g0R+Ksz6/i461/AwKyvIDFlePnMgOhYhbhm725k1Y02EHXiz9ScuCvTNURZmulfmuZmtKnB6pm3HusmKpFi2d7wnT3V09kOC08DWVJlYJqyvU35ykPVkSJ68lG6eC+OlIz0OQM6RsaxkBE9b0AO8g6ZhwGyJBTubaiM+r6xk+qs+FP7Ci2jrktZr+LfLdgTP9yKQ58KkjI4oxoBGjfD2rU+QX5JMv0QggR81OSTTU/KVm8SgOexPW9EMGZpAFTneMEJjdpm9m6jvYgpDREwc7FWtIlEf16UUbmUvTSjubjDmlJPvoIaHDZIzAD3fuol9gyuejYufwBZEuAfH8aFCH0dYBAias2UBmtYAui1OiKyVtIOnM2ZpqdNemQbpAjiXIiuef0+jO9i9Cb5X6pFhBjVpxMt84rGBVRuwdwdjIAqYpftH+G41+Aj8S5EUj9TEVlVhNku/f1hECJqzZgAY3dFlR8d5m7idKcPGR4y85K5wGkgm1L8a7kxAwGiRO5oZRhvyBnFG8D8aqkVUKJ519tzR7B6eDKPxtHSJgwpod7LSME6ss1O9ocnIa2w4KOSBZYAtF1gXS7/bJjg+CWvp0aVLHcVwfyS2P/IGVKYbwlEwYfVk11vV9u+CDi3/j2+EwgXFntXid4Jsj75itJQRMWLMDC3ZMTrIhYBxxs73BoZzD1gyngQTUsv3AT9bHgg4cAsRgX07OqOfYxDjlxOkeU1CzaqQgK36hvtmeYTXF6hE7QxKph+qMv3GKXMo2t29Yj+2PCWu+4SI8h/QzaHEwlNychM1r1PLDmb9ZKEzKqRRB1320NO898gqc0k2NlRYSiF3DDTjgiTtcpEQAlT6Vq5GLcAI8S+YF6jwSX2nLjIAJa35ACTpmlUX6GYoPQDbzrLL4iMlntVVoh1O1PgstEY0iHsUobUXg87SGD4zyY6uHG4lBRCrQ1SnoNoGg+DeVfuY1lP6LiDqYt9+9v9+ENf8QcWKXBhu/MGQqmKVllPNompjwCCwpZIBDus9GGS98bdg8hw8oxSEpVPuE8WCUVcPRndshj4CVVdAWQQ82Lb4o2glJqjNOj/kBm+dHa9r+LM31Jqw8Q51W10GTc6cZCpSuHLZCxCpiTHw+qnEnbnl6P18raS53JA4Q9jyGD4zwnTQe8XFB+zRru0gtIH7EqvgER5HNuPZfEYK6WQ1GX1Z6/RWh7iN9Jzje1gICJqw8oCIiJSVuLMIwS7xcSnqcCOILOj9P91ptJSWsfSoi0lkfzApr90pOeEKiOElsmnp4HUn7h611k20eJ5wnhqwT+K+i8QPE4Qp+xLrvhfxjEDW+TNqwtYiACSsfuAdJQvXNETfbOfw6TX0wfFhE+2P8UrMSWGR84DSopKllcifqw+mNBg3BZsSGsCiwwl+YGisnVqds0VHbx4OQce+CcBUHP1kv0IYdFgp3xHsgIKoPxS1q2tbFITwHH2PuOo/T4L9U15qw8g33SiHXU9QWEU+HEnqSxeIF8brcH/2k58/7d/w5kRwQ0rZxmknOeH4Q1ko6y6qH3Ppoodg6c9gxyZBdkGwPLRtVhCDbaNWSbvzo1H0fZ4cTXPx1rK5sHSJgwsoLNoUzD02aHBdXx2XEB/Irz8kguh3yn+9VUBI4yCJNBzyvr2ncaFCkFKkHJ3k8t4mRzBBSQ+8FUZFZoc7S7fiodnlP1O3EETp2sAn6LVxjwsoLKttBTgw58ULmQHmtGIJSfRIhKnxIUWhJXqstJfELXoqxVUuV92zVXpqx80QTIO9Yf4xQM30cEQfILMjJhQJ/UhYNYgLxPaG7GmXozI6WRPpj2rctEAETVn7w0+R6tE44TZp+JT4RxzyrKYyAZtIJLyK98bwI4ATnw8fIC0XK5lmNoGgIipUnMZSTDH8fpEQGC3Lap0ZKZvRcEE3djwBO9JeFJIx1z2G7h6AVnZ1P/SaNREd/N2G1AzT+laifYuXEKWIaqkFsID4uiltgON3x0ZRorLCiU5z+QxQY4URppaGYETUSGqtJ/H2sbghzWbtS6r4OC5zgrGBxkHMoAcHHkzlCfCBMEhxGIWtsg5UuEQg41SEitnX8QLAirhq6MkiOrAzWUvVsRpqw2hkQYgpPTj6IXSQdHh61RoiXI1YQ4xecj4xkcCVamjY6d/8RjLIlw88HScXkhZOeA/nxowCRknMLjRsGxjjT64iKvyGbIF4zt1B1Un/994YImLAaAjXDZWlQMGlhEJPysbDqIK0wxtE8W8jqEf0Mj1voLWQywBdU3ZZN2ylWZazEOGlk5UYgcQ7jFJFUMIxBnZHiBtX7KKd8jj64jQwImLAygDiiCRzFlLTidAvDH4LT9ojwvy8JVYLRGQ3BICuIizJXJBpEuBnTxRAKwyoyYhHfF50aW2ZiEFlF8d+5DdEoq9joZ6trH18YW0z6QAwguqxSV7y58etVeyasdoeDDxGdFYbQkK0Jp4c4cSGuPdp9fO9aj2WwSCEDiXRhkCDkWWesCvkGdq4Rh+IrY3tIPGOq1+qiz37GCARMWO1ODVTXfJjV2DXSqLAKsbWLQFV2EZ/GtpMwophsj+8AKQrb872TrBHxetJfc5hAyhiSNBImZId8u2NX27oJq33Q2V7gH0ltkqC0/V4tzxPwD6Y/DnV1E1M0OLm9bwiPilvZumBnhKiMLcJUtpPWaHUwp0xY7YJMyArH+CTiizZtkrt2ezj81pFNUKGZsUAPh8RhmsIRxBLSxroh9Q0HJoh+U4OsOMUkEBwHPu1P84zhj0KmNzRhZQJyRDMExlLaKjW2IzjkbWUiwGqNAwa2+6TAwakPmZF8EEc9PsrzwoED20gymEKUHEBwKHF52F5ChPg1aYtoCE6QSRNNjKJ9ZiPmhgmr3Y+G+LO6uDdU3LkLVrT7JsvXOjm0yP4AmUBM8dQzFcnWoRLzlxEMX6f3moQkyn2ebatBwITV3rSgEgxO3DrjhJCsDLZ+IcCqZ7/gc2QFtSg7MGRaXdTze/tcE1Y7Q0Ppp2pcIL6r+BGwLWAL4YRv7eA/bauEBqETIxtDVSsW2yJmktNBSA1DmsJ/E6B9QdCfrTftg0dc7+/SwGSaSs2aIVYtFlmNd6D1QffDVgE7WNK+zZrzVS0gAPac3rL9qiMaBL1HBX9TjI+c1A38UYT18G/+wbdFObOYNYJAeHxgsT1EtvjAyNiBeJV7SaFDkkJbDQJm8vzTgtTGnBilRuI49D38iuOExzFLlkqKTti6RwD/IbUDq8ZKCaLKmSKn+7cb8BNNWPkHl2NtRIh1xq9omm6XVMg+/s4/BuNaHCUmTe/xd9HtmDR+mgemMVSNL+RouqlswYTVGNasFxKMPi6lsp3eWeHO15gJKx+WsSUyAxzboFlWVhCWrXsEEPKyRcd/hU+JFNVeYXU/DlM/0YQ1NWSNbqAgKMnkyHlFaAjJ+wjlILUMKUw4IfRWsBGUnVyEPwv/Ij4sxqipk72Tzvkh/0fAhOXZYASMQDEImLCKGSp31AgYAROW54ARMALFIGDCKmao3FEjYARMWJ4DRsAIFIOACauYoXJHjYARMGF5DhgBI1AMAiasYobKHTUCRsCE5TlgBIxAMQiYsIoZKnfUCBgBE5bngBEwAsUgYMIqZqjcUSNgBExYngNGwAgUg4AJq5ihckeNgBEwYXkOGAEjUAwCJqxihsodNQJGwITlOWAEjEAxCJiwihkqd9QIGAETlueAETACxSBgwipmqNxRI2AETFieA0bACBSDgAmrmKFyR42AETBheQ4YASNQDAImrGKGyh01AkbAhOU5YASMQDEImLCKGSp31AgYAROW54ARMALFIGDCKmao3FEjYARMWJ4DRsAIFIOACauYoXJHjYARMGF5DhgBI1AMAiasYobKHTUCRsCE5TlgBIxAMQiYsIoZKnfUCBgBE5bngBEwAsUgYMIqZqjcUSNgBExYngNGwAgUg4AJq5ihckeNgBEwYXkOGAEjUAwCJqxihsodNQJG4L9/BNDElIPVMAAAAABJRU5ErkJggg=='),
(50,'data:image/png;base64,iVBORw0KGgoAAAANSUhEUgAAASwAAACWCAYAAABkW7XSAAAAAXNSR0IArs4c6QAAEmJJREFUeF7tXQvQddUYflIpurgUKhWlkEqREV1EE/5yiRQTKpLkFmFG0hQTuRdGxJBbhTSRUiiXIZVLyrV7lEroJ5mGkpjHrDXeWe3vnH3OWWfttc77vDNN//99e6/1rudd+/nX5b2sAIkQEAJCoBEEVmhET6kpBISAEIAIS5NACAiBZhAQYTVjKikqBISACEtzQAgIgWYQEGE1YyopKgSEgAhLc0AICIFmEBBhNWMqKSoEhIAIS3NACAiBZhAQYTVjKikqBISACEtzQAgIgWYQEGE1YyopKgSEgAhLc0AICIFmEBBhNWMqKSoEhIAIS3NACAiBZhAQYTVjKikqBISACEtzQAgIgWYQEGE1YyopKgSEgAhLc0AICIFmEBBhNWMqKSoEhIAIS3NACAiBZhAQYTVjKikqBISACEtzQAgIgWYQEGE1YyopKgSEgAhLc0AICIFmEBBhNWMqKSoEhIAIS3NACAiBZhAQYTVjKikqBISACEtzQAgIgWYQEGE1YyopKgSEgAhLc0AICIFmEBBhNWMqKSoEhIAIS3OgJAJPBrAMwD8BPBTAZwB8r6QC6qttBERYbduvBe1JUi8CsAeA+3co/C0ALwBwSwuDkY7DIiDCGhb/Reudqyb+R5LaBcBWAFbvMchfA9iix3N6xDkCIiznEyDT8N8GYKdAVLM0uRGA383SgN5dbAQ8E9b6AE4N5t0TwPWLbeq5jG5dACeEc6lxHfwZAFdSVwD4AoDTAayZvHQRgMeNa0i/94uAZ8J6JYCPBtO/CsDH/E6DqUd+CoC9Rrz9FwC/AXAagE8AuM08uxuA3QEcmLzveU5ObQgvL3qeHIcCeFcwNLcz3/di9EzjPBnA3klbfwBwLYAfA/hKzxvAXwHY3LTzGACXZNJRzSwYAp4J6ygAhwd7bg3g5wtm23kO5yUAPp10wNu+p0/R6X+Sd57Sk+im6EqvtI6AZ8I6J9xk0YYPAHBz68bMqD+3eceH9g4C8GXTNm8AuYW2W0Fu914xZf8irCmB8/iaZ8K6EMC2wf/nfoWN/93QH1cTtQkPwv+WKHUfALeGn90AYD3zZ54Dcns47e1eSlie52Rtc6E6fTxPDh4Ik6j4ofE6vZTQBeDI0NnbAfDvNYnVL+oV9XwYgKvCD+8C8OJw4zeL/vYMS/5YsyDp4F2vhLVaWEWsCOCHAHYoaGt7/vPSEJ5SsPuxXXWdT0U9uRU8LrRwAYDtxrY2/oGfAtgmPCa3hvF4uX7CK2E9KvgE0fg8PN6/4CyonbBGrbC4leUZFiXX6tC2yXZ16F5wMrbWlVfC4kcXz5Ho2nBYQcNxRRdXJucD2L5g3326stjE5yOJ2NUQt4fX9GlwzDMirAwgemnCK2HtZ7ZiXF2lV/TztP+/AKwUOrgTwMrz7GzKtrsOwi2R5Tz3o//bjkFP3tTyxlYiBDoR8EpYbwFwdEDk+cm1/TynyqjVyzz7nbTtywA8Irx0OYBHArgYAP3VKEwJk+uGkwft3KJTfg9gw0mV1fN+EPBKWJ8E8LJg5pKe1Vw9/CmZXg8EwDi7msRu0yI5XQlgEwBcfb06YyjTPM7FasJSumREwCth0Sv7qQFH62OUEdolm2rB7yi9ueOKlJhRlgPYFMBfM4CVEvghAD6YoV01saAIeCWsXwDYMnx0XUnl5mXuVraEKamSSI4NoPwAwJMyAWTdJNhkye15piGomZIIeCWs6K2d8/C4j91aISxuW+Phd0wLk9udgXjRp4ukFcXrfOwzd/QMAI8TZJXgNMr/n2duqEpMiI0BXJ10lMs9IKf+3PbFlScjAn5rnDtz6tt1VpZzHGprwRDwSFibhRxNNOWJAPYpbNOUDNYq3H+f7i4NN4N89jpzc5d7RWq3ntoO9rGM82c8EtbTAHwz2P2dJsVMqalAAtggdFbrNb7dqjHtDnOzU3J5t7MtFqbgPxgU5tF6vLK+lpqC7fbjkbCY4fLjwWSvMbFxpaxoyYCZDugiUJvY8BwGJ8cCEfsC+HwmZe12MPfKLZOKaqY2BDwSFlcJRwRDMOFcvK4vZRtLBswzxa1QbWJ1ZIrj6NiZM2+YJawXZsj6UBuG0mcOCHgkLCabe3nAkgUPmCGgpHB1F/OY5/QYzzkGS1hc/bB0V85MCkzrQw/6eBOZkwhz4qC2KkPAI2Gdbaq8DPGhpMG+NdrAkqqdsrl0Tf2vcrVb2ecldXIj4HGi/DKcydwBgK4NpYWB1kwxQ6GPE0NzapOUVKkfy8ozL1YOsSu4WleZOcapNjIj4JGwGFJy31AfLwb4ZoZ1ZHOWsGr9WK2OcTA5CYt+XdxmUuTOUHL2Nd6XN8KiM+RNIaXLt00RipJmZPmr54QOvwrguSU779nXqCR+PZtY8jEesJ9kfsuA6tSZdtY+9P6CIuCNsLiiYuoUymfN1qykeeOWlH3SZYAxjbVJF2HlOu+z280bATy4tsFLn3oR8EZYOwPgyooyhNMo+7V+WLWmA04PxXnWRrKfNUPDMwGcYT4HRhlE59F6vxJpVg0C3gjLelfndIKcxKB29VIrYaUrrFz+Yh8CcHAAq9bV5SS21LOFEfBGWG8F8I6A8RBOo+y6hQNnFkk9xczF9wJ484xzM81UwcKr9ImTCIHeCHgjLOs0Su9tBvmWFhvwW+sKKyWXHDGE3PpxhUu51twSlsZf/TWMgDfC4q3c7gBYCGINALcXth2v8rnCojBtS42ZGqhbSlibmwwX00DGykSHmhdzEOA0euidxhHwRlix4AEPj0tmGo3TxBJBrU6jKWHRDWTdGeY5t948A+M/EBS6NLBitEQITIyAN8JiGpN1MsfFTQL6USadDYOu+THXKJZYLwHAQh3TypEAeIhPIUkzjQzjEyVCYGIEPBHWvQHcFhDi1fqzJ0Zr9hc+AOANDaw0WAjidUHPWQgr9Zjndvxrs8OoFrwi4Imw6KB4fTD0h80HWdL2th5irQfuxCOHN35603gAgE+VBFt9LR4CngiLW5EfBRO+EcAxA5jTZkFgmbFzB9ChT5enmxUow4j490mEW0A6n8b0Mbn8uCbRQc8uIAKeCIsxe6cFGz4LwJkD2NP6YNWMPX2wuEKisODsCRNgxQN1/mNgyYrbS54fSoTATAjU/NHMNLCOl1lbL66qnmBWW7n7GdVeCz5Y1P8cExjOFM5M5dxHeFjPM6p4I8h3PM2xPhjpmRkQ8DSZ3gfgTQEr3hT+cQbcpn3VElbN2McUPBznJD5TdmX2j5BaWTeC084WvXc3BGr+aHKb63gADAfhTeHquRvv0d42AFgCnlKzDxb1m6b8ls3CwPHxNlSBzT0mhh7pj4AnworbnCtC5oH+KOV5kjGMjGWknA9g+zzNzqUVW/m5T4K91H1hklXZXAagRhcTAU+Exfp6jwbwdQBMc1JarA9WV6ZRhu3sBuBkALeUVi7p7yoArPBMYVpkZhtdSmwGDD7DeE2uZCVCIDsCngiL25S1Q03Cg7IjOb5Be75jHSjpwPoMU0mHLQ1tF3ubOYqwdglhN0w5TWHo0zIVRB0/GfTEdAgM/WFMp/Xkb90TwK2h6MS8fbCYBYKFJXhjxgNn9r0xgNcCoLc9hQf+dGLluVaXDGkXG6A9aoVF3U81WRd4yB7HN7mF9IYQ6IHAkB9GD/WyPfKgkMudDe4N4IsTtsxsm8zswCwPjKtbz5AN/bv+HQ6ql5sqyRN28b/H6SdGPyZ+/ENJmrxvqfMou2KkrpP6aw01PvXbMAJeCMve0PHPPxthM3rEk6AeG1YMfD6uhO4CcI9M9ub2iVWV+d91IXUwt61Dy7EAXm+U6CKs85JLA57PRZeRofVX/wuMgBfC2hXAWcGO3K5FYuCfuaLYLvyOZzEPyWjv6IPEbSFXZRQGFr97ID+wPkM7GgBjHqOkhGUDo/mMbgT7oKpnsiDghbBY7OBzYVu3qkGOK5sNpkSSZMQtIKvgMIMm4xTpZ8Uga2Y4sMKfx1Uab9+umbLPEq9dAICRAFHSVNLW34q3mSw7LxECRRDwQliHhSo5JBe6NlDSrJqjAL8olOQiXgzkJeFwK9dHWOWZfkqU2lMD8xY13ZbarBK8UOBWNorysveZAXomGwJeCOv9AHg7aLMGjCMs+krxea6cSFjTSktl2ffvSAFjHUdTzGpOkTOtvfRexQh4IawvhZLoHwnuBTSJ3dpEEzGGjgfO9ESn82QOsV7gtSew68LE+mHxHJDngVFEWDlmiNrojYAXwvpGSEdMh1HmpKLQPeEnAFYMfydZ8WYwd7Au6++xiAOldry7CCuSUnp72MJ4en8IerANBGr/gHKhGA+96ZkdKz+zba6m9gudsHQ9b8BySnrmk6vce04dbVs26Dn+nHOEGVrp+GpFt4PzsoLaXRIBb4RFj/NYZqvEtEjPfGrHOxIWLweiewd1TolM8YIlZo/6uBsCtX9AuUzGlDL3CmEyd+ZqtEc79oaQAcQ8D6pVLLkyUHyroChTJLOeo5VpogVqHbf0aggBD4QVq+Uwdm9an6tpTUoH0VjinR89w3hqFeZgPy4oxwuHTcLtKD3YebZlRYfttVpxwfXyQFj0Zmew8RB1AG0ICw/ft6x4PqU5ragqXTt4ViXCqthwnlTzQFjx4JuFFBigW1IsCdTuZGlTSEeMuI0lYaXnfhvN4Ta1pF3UV6MIeCCsncJK4QgArLxcUqybQFfSvpK6jOsrzdLA53nmRjcPrbDGoaffF0HAA2E9L+RtYtqWk4qg+v9ObObOq8O5UGEVendn/cXiS7FiTnpL6GHe9AZOD5ZDwMPE41aMBSh2BMAzpZLCeMPNQoeXhioyJfufpC8boB3f43aQK8N0hcUA6ZjhYpI+9KwQmAkBD4TFwg8sAMEkfiyuUFLsqoVBw1uU7HzCvrqcRmMc4cUAtk7a4892riD//ITD1OMtI+CBsFgEdN+BSnu1tJW6KZC6nc/RfYE+WizekaZAZmA44y654lotnHcxxTLT69wAYCVVfG6ZHurT3QNhsQoNE/OxIk1paYmwuraE1t+KlYbOmAJAZrw4F8CNIfMFSWyVkAueB/rM4Pp3ABsGvy/mDWNcZ/wZXUFIgHRNUbn7KQywSK94IKzvhFxWBw9gOAZaHxj6rT2chU6jdB7tWmHFn+0FgO4hOQvRdqWdXioVNXN1HQPgwnC2NoBJ1eWQCHggLGZq4H+5A5v72I3bI26nKDy8zp0Joo8OfZ9Ji0rwvaUCnEkah/RteA7P0ZZD9j+HIanJPgh4ICyepRxusn72wcXjM7YWYRz/KN+x9UNB2m1DJlUGS18WYjZZ9Ydpe/gzpluOWV5z4WoTMeZqU+00gMCiExbHdyUA+mIxoFeyNAKXA3h48utcAdtPDLUZ7wiH8yzKQeHfSWzMDkEC5Ap0TQDrhHMsEh/PrUh8LDjLVEDcFjIz6pkypj8EFp2w1gj51zfV9fvYyZ2W7uILuQhrbOc9H+DlCQtfSJwisOiExcBnHrrzpqnLz8ip2TuH3bUl1NZLM6QqBBadsLjF4a3WDlWhXp8ySxXkUFbR+mzlWqNFJyxuBd8DYA/XVh4/eN5mdmViXfT5MR4ZPVEVAos+IZcB2BPAAVWhXp8yae75qKGtkl2f1tLIHQKLTlhHhvMrkpZkaQS6toT0LmdlIYkQqAaBRScsemZTeHgsGY3A7SHnfXxqHwAnCjQhUBMCi05YNWFduy43A1grKMlCHSvXrrD084eACMufzZcaMZ00VxVhaULUjIAIq2brlNXNrrDoTc4Dd4kQqAoBEVZV5hhUGaZziVkYlgNYe1Bt1LkQ6EBAhKVpERFoKXeXrOYUARGWU8N3DPssALuGn589UMJDWUMIjERAhKUJEhFoKXeXrOYUARGWU8Nr2EKgRQREWC1aTToLAacIiLCcGl7DFgItIiDCatFq0lkIOEVAhOXU8Bq2EGgRARFWi1aTzkLAKQIiLKeG17CFQIsIiLBatJp0FgJOERBhOTW8hi0EWkRAhNWi1aSzEHCKgAjLqeE1bCHQIgIirBatJp2FgFMERFhODa9hC4EWERBhtWg16SwEnCIgwnJqeA1bCLSIgAirRatJZyHgFAERllPDa9hCoEUERFgtWk06CwGnCIiwnBpewxYCLSIgwmrRatJZCDhFQITl1PAathBoEQERVotWk85CwCkCIiynhtewhUCLCIiwWrSadBYCThEQYTk1vIYtBFpEQITVotWksxBwioAIy6nhNWwh0CICIqwWrSadhYBTBERYTg2vYQuBFhEQYbVoNeksBJwiIMJyangNWwi0iMB/AWUrsbUbLbYBAAAAAElFTkSuQmCC'),
(52,'data:image/png;base64,iVBORw0KGgoAAAANSUhEUgAAASwAAACWCAYAAABkW7XSAAAAAXNSR0IArs4c6QAAIABJREFUeF7tnQn0futUx7/KHCISiSLdLpXMykUjqaTbiIwlKUOGUCkpbl2VpDSIKJGhTEUZG67IveZQV0pCSnVdTSJFrc9az27tu53znuk55z3n/PZey3L/v/ecZ/g+z9nPfvZ4ISUlAolAIrARBC60kXHmMBOBRCARUDKs3ASJQCKwGQSSYW1mqXKgiUAikAwr90AikAhsBoFkWJtZqhxoIpAIJMPKPZAIJAKbQSAZ1maWKgeaCCQCybByDyQCicBmEEiGtZmlyoEmAolAMqzcA4lAIrAZBJJhbWapcqCJQCKQDCv3QCKQCGwGgWRYm1mqHGgikAgkw8o9kAgkAptBIBnWZpYqB5oIJALJsHIPJAKJwGYQSIa1maXKgSYCiUAyrNwDiUAisBkEkmFtZqlyoIlAIpAMK/dAInAyEPjSMs0/3vJ0k2FtefVy7IlAPwReKem08uhLJN2632vreyoZ1vrWJEeUCNRE4IqS3ivpwq7RzX73mx14zRXNthKBHSPwFEl3cfM7W9IXb3W+ybC2unI57kSgG4FPlfQuSZdwj36ZpM3qsZJhdS96PpEIbBWBb5H0W2Hwm/7mNz34re6iHHcisAACV5P0OklIWUZ/JemUBfqerYtkWLNBmw0nAkdF4A2SrhdG8KfOWnjUwY3tPBnWWOTyvURgvQj8qKSHNwwP3RU6rM1SMqzNLl0OPBFoRKBJb2UPJsPKTZMIJAKrQaBNsrIBPkHSPVcz2hEDSQlrBGj5SiKwQgRuUJTscWj/Juky5Y/fLunXVzj23kNKhtUbqnwwEVg1An8i6WZhhN8a3Bo27YPF3JJh1d+Dd5B0K0l3k/R6STes30W2mAhcAIHbS3pGwOTzJBGW80fl738r6epbxy0ZVt0VfJWkm4Ym3y/pCnW7ydYSgQsgAFOybAwfknTJ8uufS7p2+e/NK9xTwqqz63HMY7M8RtJntDS5eVG8DlTZygwIwJBgTEbfIenXyj/OkXTj8t/fI+nxM/S/aJMpYU2Hm9AHTMmH6MckYcFJSgRqI8BB+YDS6Ask3bb8N4eoXQeR8j9H0gdqd750e8mwpiP+vz2auLekX+rxXD6SCAxBAOke6crCb7wV8Ocl3bc0tovrIHNJhjVkezQ/+xFJFyk//bOkn5H0qPAoincU8EmJQE0EuP49yTWIkp09CL29SFX8925UEntiWNeVdHdJly3M4Tfd4tXcJNYWOYV+VtJNyh8+Jumuki4aNhE/+400x1iyzZOJgFdHeCkKXep7CiRIYJ+/F3j2wLAQe2EUOM5FYhERl2svGPoBFJufVTpER/DjhYH9oqR7uYFs3rt4L5t9h/Pw1kGvJ/X6KxxFuSrugrbMsDhFUDh2KbxZqNpKb79RYvtvlYQPjNHmvYt3sdP3OQmvP2XP/UWZJpL//ct/nynpoXuZ/lYZlj9B2tbitZIuLwm/lFtIOr/SotGudwb1+oGm8IitYlwJrmxmJgT8XovXPq9w924OMw1luWa3+DHBIH67MKMmpF4q6YWSHjcDjNGF4Qslvdn1E6+DjJPwiKREoDYCfq/Fa58Pgv56Sb9bu/NjtbclhsUVEEX3MyV9QgNgLNrvSHr+TGDGtB3fKOl5oa94VcTr/dUzjSebPdkIeOs0ITeE3hh5hrUbCyGT2wrDIj7vG1r0VUgxuBLg1TsXwSjJ1mhEfw8KnV26SFumiN+VsnMuYLPdUQh4hsRt4utCK8mwRsFa56W2hGREp58hiSvg3OSvgm3XPK5+z3IDSd+ruVfl5LZvyva2HO0E3lt4zq6MPmuWsFCs4x4QrYAoGO+x4FUrWv3aMOM6amERfy/pKif3e8qZz4gAERPEBUJtUnwyrBkXoKnpT5H0HBeBbs/8pKQXL1hX7Z9c2AOM8jZBV2Djilka7izpaQtjlt3tH4FrFqdoEvJ9ONQb9LPnoEcpD+0qLGyNEhZMgahyL6HALB69YLbE75L0sJB9geDRv274JtBnPdD9nROQTZKUCNRGgDAc3BQgvocHt3TgdVi1fRBrz2lQe2tjWFz/fkXS5dwslpaq6B+GZQSzPOTHdVb5nefx9cL3KykRqI1AzNd+6NvFlcGs5TdqSZ1ce3yLtLcmhoUVDmucJ8JdfkoSeannpq+W9MgQ4tPlR3WpEq948TI4GN0T5x5otn/iEMClB1WIRVB8b4efIRlvX1JQWtM3Pnnh1jAZlOtPDdevpQM2YZQwGh9SA6NEujvkIR/dHXbl8zJ5d2UDtRDw0lUflQP79iGlc2Jpz6s1kGO3c2yGBbOCUaBMNEKqYVEIXF6Kogd7X8bziKLrsnEeG8+l8Mp+lkPgypKwOkN987Lj0rDLmgLH/MBixgMWhJppZDdYkt4oidQ0Y5iOLwf+ckm3XHLg2deJQOBsl8KorwLd/LR2k7hvzMdZe3f8h6RPKo1ifcO3akmpiq6jIjPGBh6aM2Pn5LOab6SpfWxtkLK9E42A96fqcxU0sIxh7S7a4hgSFndqnCy9gv2LZg6tadv1Pj3HUI/gm0t6hWsYiRGLYVIiUAsBc1p+b6k56OMF2/rwyfuG7ula456tnWMwrCjVtPk3zTbp0rAP+emyBjaNBQum5Rn6oCQshkmJQC0EfAollOg/0LNhX0WHcDH29m5oaYZ1seKhawAe8wQwxSRjGYODr/n2XEnftJtdkRNZAwLECWKMYp9xA0GF0oc8o+trPOrT7iqeGfOhThm4z+FzTIXg1BSyeOH/nQNiFzXfpixsvlsVAXwCf7+02OVzFTv27w7RyVadwFyNLcmw0Fm9zCnaSRczV+6qLrzMjYE6beS1GqrsJ52HT4pGznhfzLKr//w9ETiEAE6fOH/+paRTB0LlVR27K36yFMPiXo3uyjIvvE8S/iXHIJLunV46HmtF8TmzKavExkhKBGogQBUmXBmgQ/GCbX3528PuUhwtxbC8vgigj5XNAMZJHi2yQbTlEuqz6d7iKvFQTuxOfV7KZxKBHgh4tcmY7zMZVg+QDz3i79Q8N8SfZGLXH/e692hHSY6yfCiRUfSd7iVqIT55aCP5fCLQgABKdg5SaIqO19x1Uuk+Ypv5Ch68fj1JbxrRztRXqF/IWKC+HsNNfaJg92XnT3GbbOoY8/2TjYDfozCvd4yEwxjWlH0+sut5Xxsjcg4dkc/C0DcWamgfXc/7jYD+yeev6no3/k5ivjuWP1IHzgdMD20rn08EPAJYBrmRTJGuaC9DcybsK65PxyzM4O/0uCJcdcJceNVnIX1KCTKd2GS+ngiIQitPr3ADoAn75sYalVa7HHNLWNcIYi2SDRLOkmSnFn3ijkCVkbGE+wIKdyOsns8e21i+lwg4BKxE3OtDod4xIFlbeSUcgZ6P11sawNqpYv3VEig+U9K7R2CSryQCHoGvKgn6+NtQR9EmJF9XElESzkNYz25obgkLoPBTukJBDJcC0g0vQY+S9P2lo1qWSZxFrQbcuZJwk0hKBKYiYPsK5+P7jHBkjv3bN7e7DCJLMCwkENMbLaWk5qpGxlB0Z6+VRI7rf5i6qyT9uwtyxuJ4vwptZhMnGwGvYyWY/syJcNxa0otKG+nWMAJM7zS6RL0+9GZIVzCtqdYWP93TJL3S/YEahC8YgUe+kgh4BCzImb2K9N43yLkNRarqUF2HOgjEvE5tb1WrtYSE5RnWEm4Nj5GEKAzVzLP18BJeZAv4yQsVx1jVhsnBVEXA60RrpYKhEAqVn84p+7/qgI/d2BIMK+a/mlNM9YGftU26nIBfUhYM3zIkrqREYCwCOIa+ppS0Q3InIWQNsjJ1RHXcrkaDa2pjCYbl7+jMnWyjFnxcEwtffefVkm5asXHSIXvRmuR9P1yx/Wzq5CFgYWKoSXAWfXMlCMxC+J3lalip2XU0swTDYqbetYF0r4TnYMmoRQQz/1kpFVbDOTSO62uD/xbFJig6kZQIjEHAH+I1XX2+sqRwYkxEYGDk2hUtxbDwB/HWj5qLxIL4as21dAF+oX05+n+VdKWQOXVXmyInMysC/iZA8RVShNeiZ0li/+9SfwVISzEs3AteJenT3crU0mXNqbey4eJ9fP3yjz+QxEmWlAiMQcBHXtQ0CvGNsU+5bRwzOeYYTHq/sxTDYkDekZN/EyJjTpi9Bxwe5LRCF0AlnpouDL4b2iZ+0OiMUDx17NjzvZOHgDdA1b4JWNtzfQerWK0lGRYTNoWgTX7qopniEg9h9Eo1nEPjwsR0yDcuzqirWMAcxGYQ8BLQ1IwhcdK1Q3tWC+rSDAuJiHzVFy2IUIIIb/ExjMZOFPKy43XOv+cgnwHyQ5IuOUcn2ebuETA9699IgsGgv6pF95LEPp3LAl9rnJPbWZphMWBzbLPBj1HAP8Jdy2rFCbaBibn5C8qPvyfpNpNRzwZOGgJeAqodkEwRlecUQKfeWFa/LsdgWPFqyHWOtC19CYZhITFvKw6c5/d9eeBzl5d0nnvnwaUwwMBm8vETjkDt4GYPp90A/lDSV+wd52MxrJim5fGSSD3cRZThfnHxMcHhDm/zPuW7u9pt+5287z7fFc6oOKUmJQJ9Eagd3Oz79W3vXrpi4sdiWFHK4t99roY+TnCJqtFef4Wn+6X77tJ8LhEoCJBS6WaSCBX7Pkk1bwOWfpwbB8H4u6djMqy7SfpVSZ/oUD7km8XzBFJDta0sbQtNsQyq50I13DB2v6FyghdAYE79kk8jMzWT7maW7ZgMC5BIVva4gNZjJeFZ7kvBe+9gQmJwYZibov6KbA0o+5MSgb4IWMHdMRWcu/owF6HaQf5d/R7192MzLCaPpzpXLxw0jRCjKVCKKRhm9ROSKHUP1fKQ7wL+28oY7LmaXsldfefv+0DAcl1xKJP6uBZ5B1RuALUCp2uNb7Z21sCwmFxMQcPf/qt4x5M3nesgtKRikU2GBAitQX9FOmaSs0FkU/Xe97NtkGx4NAK+gHDNQ9Yr2k+UdMVKrIVhMRYkLXKw36BliywdckBq5RuWsdROV9P3K7huMVXDOK1UGu++R9LV+jaSzx0FAXMUHeq20zVYMzzRLrcO0nafGFoTwwJ0AjeJ1Wtycah5SnUt8OWCNWfp/FcXL/oy/L7aaEk8uvDK3y+IAO43HCpQTcfmqWlpuKngq0V+t+dKIpB/TJTJ0dZ7bQzLgADYXyjA2t/6uD3UAjLmv2KRccxbgq4oCXP1Z3d0lgxridUY14e3aNey4HEDwfBDnqsh3wKSOYYsCrFEIjQONctmaK0My4feeDCHLNSURUDK+yHXAEykZsLBQ2MzRW3X+JNhdSF0vN+xCp5S9gx7pwZZcdShqhHvu9g0jrXygEbM1jhYH3qDNzuB0lbXkH/fsULdtq4NZJuD52AgbL4lyPfr+yNQlhzgnta4dktgVLMPpI8bSfrvsqf+pULj3oBUyzpobXJoIhHBtLqIueE7iETWRu+TdOWuhtb0+9o2fVPoDRuKNDJGbCrEbF9yqzamvv7gE0vAdu0+Ynsx9z2/8yGRmxsrpQW48nc2bq2Te+55DWmfOfFxfnlRJsOoSald2yqKCw0fM6mCjIZKLm3zQnfFPq7VHoVPaIusJOyRvi4Mb+1gVqQtv4ukpw1ZoGM/uzaG5U8nH3rD/f0Zzise51FKcM+RVx3L3Bvdwty7KE7nXqsm1w7DIEpebeXMT5V0e0m3kkRguLlBTBk75nkst2SMZRxzESmCiN30WWmtL4rx4t5Sg8gWS8QETCXS1Gu2X8Ma0RgPcaXm7ynpCT0B4Ll7hGepeWBRG/yEnu0pPdtbzWNrYlj+rt202DFgulZZ77gYWCix7BiRSYK+5qbIlEili/If8kU8+HeTE6u/SttYSZlrrhljxu8/QMZAaiDCqWqTJWI81O5UZkLb7CHmhDU6EoVHqTU5hfw6kat9Ss4rUhpxcBK6NqRkV0zfxHzeFRj+Zv231sKw/HXokN+Kt76wEFg5YG41Myj8hqQ7l137n8FSOWUzH3o3po/mWZPs7iTpqe5lKqE06SViNld7ZeyHjo8P1spItUOUzpWEZNhFY+fh2zVleOzrY5KQZggJG0ue6U41DqFX4hqI7hRmg2RE8ZMu8vUN2p6t6WbRNZ7qv6+FYdnJhFKdgFGqfrQRJyQZFi2Up7ZjHlepzy2dI/WgT5mTYLZITJ5gFEhX6OvQ4fhrUtOafbekX24Z5NgPvemKal2QdQCJeCrx8TT53H2w4aCYulfRAbK3muhBE5mVx4qrM9kZxhJSHplD0V2x/lxhkZS76MmSUCG0Ecajbx6gA+vq7yi/T90ENQbtT6a+oTcx/hCmhZPliyYOKDqMolchhfNc1HQV8qlCSBnC5jWieCtOrJEOSSkw37ePmEC8hhIqdbHSDgwF37RDB0tXl23SgO0Bb/jgELlWV4MHfr+DpKe3/D5VGqJZFOKXLe2jyPYS8dBh8y5SNQYXDuauKzjXW7vqtvVVy1o5dC7Vnz82w/In09CNEzd8DcsZ0oh3EEUJjEfwXBSZAtfbn3bexz4fF2Mgg0TMp8S1gatOE32k5PDi/4dQlK6Q+M6W9EDXCNYw9HvofoYS+jYkQq/49i4rXyOJdNRGSAbeSjqkP4wozwuhTbxfq+AuV2SrJ0A6IooEjyWvLEdN8IMdDeHqAi7XaXgO/RmHG4Ypn/lk7NhW8d4xGRZ5rsk0ir8IuigsWr4cfB+AItOaqohHgnmk6xhvc4oGzEFRH4eZnQwRPjbMM7Q2M3lsx48Vk7Xp4/rMATzZ5LG4J1emnytSCs8Yoe+7a5+GwzNY6SygnZ/i3LzEONU94KUN6YiGHo5tU8R6iu4QguGia/IptYdAw2GADu2jxYqJZI8OtY18fUP/zDtKZgh+3x0dk2H5U3ysnoUF4ZR/S1iZse15PQcbz6e8qb34UYqJY46MqG1OUQqzcSKJIZF10aWKHgmlszno+nc4oWFiMA6ceJG0vBQxNO2OfZi+D98GUgP6Fuh/iq8QLi1DiXbIpR6vko8u6oOh7TU976/0+Ms9aUSjWAEfVsJueP0VxS2FK3gTHVKs7+bq14bjsRiWt4o9oMQ6jVjr/3/Fn3T2RzI/4HA4hPD3uWp5Ye5EgeZgaOOLDMkr2w9JGT4rqrXFNQ0dk53+TRjAqFCew0Au0wISki/XKc8wyHTJ3wjQhoYUP2j62GJhD88ExmbJ4FqNVBiJKxZ7rwYRceGdLsd+S/7AQbLkMGhiVk154/w8avh91cBl1jbGgjx1UPaxonvB23iMHqRpDDjH2X0e0RplKx9dH4oKd9wH8LxGSoF5gNWFizSH9EJfnOB4FI+hqL/ya8FV1PvwtJmib1I8/hmXp9ODst7/xomORQnlcBuh8EXaBL8m+hFJ95cEZhCWLCL/D5GlW/HPPLNIdxYSExnaUEmZ9zGUXKlhILUDfd/v/LnGOBdTHwDHTcrKQzB+rtdR34SLA9dxfxWP08OvCmfi3aeaOQbD8icoZmZO65rEvf8SpUE2KVedPpV1cF/o+uiaxskmeX5hEH0Vw0g/3ksfZSuezEZWGNP+3ZQtguvbG5xEaM82pcIhnQgWR/5HWBP/biOkExjShw88w6GAIt7aeVm5xrS90mRyj86L+OIxb/sw++qusM6hp4O5WlZarpKeifdtq+8+pD/0d9CYeDy+O0LLqMIEUVyYeXuGg24Xnerdw6A47O0WwE+159YXg6M8tzTD8lkYMd8eOuXHAoLy3usSSK3BtbOLuELwsU4hPhTa4H+Yutso+lZFSQI9EdKTUVwnrnBs8ui/xZX26pJwhMQXiCsfOj7+5ot9xHEh4XLt4yTnWtKHwJSsGlwtoZu3xHc2uRSg9Ebi8rmYvGsA7XV5ipOBFRcI0qZgCTRiX/GuYUO1bn4f49rRhoOPSuAwBN++ROQBrismBUYDQGTc1i7MDP2WRT+07Y2+49jkc0szLL/QiMRDrYJ9QY6K6D71BMkhj5XOE6cb5nU8sQ0rHPuuX05H/t4Uk8ZHgtTFB40PUaRD18EYWoFynk1thCEAnyKuYZGwMjE+3DHsunYIM/ypyDvG1aQvo7L2sIjh0GiMkOtxU86lGHLUFBPnn+lStOPGwTrhTuAJSQM9Dlcss0DCBDmIkPBqkj9whsT4wYywBptkiv8U+EOMmZRGMSsHjJZrLn/nGu6pr99izbkfta0lGZbXT9TWJ0QQoy4kXrmaQMccfA33A35CXFEOEVYzfIT4gHDTiLokPj4c/3D+pAAs1JSVwdaB3zDDX6Q8y+nNB4hi3Qi/MNN7jN086A75uLmWtVmj+rTNiY9kZYRU+Br37+gjFj9uJJ+HBv0MRgDGFgmJivf5SL2OCmaEVAXDius+1nLXNXd/4PRxkUAPCtb4n0FcIzEU4QrBHuN/MdwKZktZe/Zuk/6Pw6nJsNA19k3/viTD8rqrJfplU3xaWZ2ucIlLSkLa8IToPcSXBYmDU5JTs+n6BdPBask1KGY94EoIs4pSg7eg0Sae/GNLnKFIx6rFae0Z4JQNjMWQdbUCsyiOkfzsgz7kusF88cfyuerbDpYmqx8SMYeB5YaiPZi5SZZ44ccr85S5+neResxXrStfGldycGd/cFVHXcG48WZnrzQRmUhgVkZRIu/DJGvNdVXtLME4mLDXYyylJPTOiVihDl2RYqAvSmRO6z4Bp3FB+QCxGnG6W7iGfwYLo88WQPUbPr6oZ8Nznysnz3OF4ET1ivk+G4k2kOxgvOhNIlPu08ahZ9g/WEmRfoxgYujXIP6fVDdGpqsDW66+/lqL1M1H6h11kSSxkHqJCqbG/2J8nf+oa8eXRgwOXentWaRt4i2NKRFtgESFRGuxqr5dfoP5I43HBH1ewprb3Wbqnpj1/aUYllci42dS64Q/BI7fVGyGqxx4GKnDn3Y1kvaRvwm/H0zV5rM0ZDG9Ih5leFNdOx/fR9swJDY7VzWknUN+WEPGcujZ04qez1KzoLPjACBgO6blYb9haIH5eidVJAauTFyBkdYwGGDdRWqCsFjCcJE8mgKBo+f83LoddJS2phwKMFrcXHB1YPxIylhjURl0Ee+jJwWDNms2h6Bhwfr2sXp39bvJ35dgWD6TgM/xNDdg8RRkwc9q6RRPeUR3Iyw5fSLk+8wBPQ5KbdqMOq6m9/HDIYMBylk2Pzoa9GSRYKqYvdH58GHgN0Y/XP2WJPYQHxHXL/tA0SkhdfmSbXyQWLrOdDo6xhkdHjH3wwSNkLxgSIcC2zHemCJ7ietS3Ftj8EZqwlAxRO0wpp9dvTM3w8Kihb7GFIqYf5c6HaKisi2PFAvaR8SfuvBWtvxQO1zfkPb4ONFZofsgg2gkFPPo2FDqr4FIhcI12owFTWNC4vABz0iH+DOZYy+WXeZq12X2CQzYAovb5un1ZFODj/tiCYNmzkMJvzksvPjrLfUdDB3jqp+fm2F5V4ElTj4PdlO4Ttt8ff7ruRKcHcovxbhRyHplPW4RTW4CXPf4+GtFB9TaoDCX27kUNL5d9HRIt95bG3M+13AsZ2Bj0hgSJh81oVVdFC2uFJe1eoBd7079nTn1iTXlyocxACbF2k2xyk4d8+bfn5Nh+ZS9NVK/jAEbi5xX2Lbpz/hguHahK8F3ClG9NvWRsPD6x/uf1LjeGdLGQnArV8C1SFYeI8KYUIbjTR/3FVY1X3kI3Ra6PZgSSnqzMiI5cmXsUxWGvrG4Wd56wnzaQolqryXX+2cFNxiu4uw3dIf/WDzhwaTvXGqPcZftzcmwfHCvLyixJJDxWjgm5qvWePswLPpCcmoKRuaUxm1izfFiuJHAbLtKRz076OXQF5r1bwje/io/NO5wSD/2LF79XGtxSTCCSXHgoWdbWn84Zg6bfmcuhhW9m+fqpwv8GAKz9LXUjw/9TEyT8s4eYR1IUyjXMZFv4YNAskYv1WYZJdYTvzejsWvir/x9U+l07ZdDv+OmgvRn1k3WBWsnV9vdJMibAtAS787BSKKJua0k1dzza0plMsd8h8zDp/3FsoUuiqtFW41B9B1cm3Br2BLBtLjetllF+dj5vc1Noc9cKWNlZa+GxvP1ad+ewUUDB14fXYAlE4NBKs6HIFnh2dofcGQSc4fgtEGAT0/MhLmkjqNtXOBjDqJcEcGHdMA4hFLWyQfRUi0Fy9nUgOwK22RUE+jgyGcVJS30V0glZJs9RPge4VdGuA8+XQTOcx1DzwX5sKA5GBb9n1EqjftxDokdHAVcvtSOQE2GFUtjT01XPHbdmuKuauXvHjumvu9hoeRER0mNVNVUZqtvW8d+rmkd0DmxL3CBsArG+G4xX66KMCYYHR7w3hfLz8XCd7wkX5uJcLCQ6M/HljKGJfRkx163Vfdfk2FFpXKfDAm1wWkqIgmzQnxPa01ttJvbIwUxaW3mJPat1092RTL0HUtbapcTkc2zL0jHfK4Ww4r+MFx1sAzWjl07hFWTnxMnNwrrvllHj7kWW++blMFcd713O0HnpOKxhIq15oikEwPIp+5lxo0vWcyaMHeYTy1MTkQ7UxfZQPLVkvnbUvGC1j9xZyhwPaHHOhSfdSIWeIFJNmXGxE0BPRVrgCsG+kSLhes7JK6OeIZjeMBC5wmG5TM9TA2oh9E2FYbNK2Df1VrouRoMKybjH2umHjtlJCuCT63IJ+1M3cBjx3LS3muyxJLfiljCaOonIBj9HL5aJD0kHTVBxGQxwM2B/8d3Dw9y4uvMAhev+TBD8kB5CYvrYVMixa71QE91C5da2Z7n8CNMKtUIXQgu/PtUhsUm4RS0EAVftXiJqTR9MMeyTC4x37X0Ae4wIH99Yu3xU8IyWJNiCIwdRt5plPRBWFn7+kMh7eFhH8N/+gRa15xbtjUQgakMKzIMrmZLmeGbdFbJrAZugBGPR6dgmqhtpbNhobxHie8J6yHWU5xwfWA4sZd9MrFyRUVC88wWnzhCfGCGhJElrRSBqQzLb15CFDBLz01Ic4jsKPWNOFmJsUOMX3PoytyrcTsjAAAEpklEQVTYzNl+0wExt+tKLMbh88aTmhlfLE/8jkMqjAcVAamgIfYMrhIwtFguC38w9GE+tfOcOGbbExCYwrCiZXBuvRGbjj7JD2WVWmzqS+vNJkC+uVfbrGdzY97EIKOrjE+73QQs+i6cccmV5XWc9iwSOb5vqavayLacwrDidbBGBecm2FDUEmxKfzGdh0lW6bYwz4Zrsp6BNR7g5vg5R88wSQKkfb53QpiacoO1ZbY4NK7zSuGH3DdzrN6MbU5hWL7cPEOsmZyPJG5sTphUkzkcJSsJ+bgazpEKZkbIN9E0OcfJSYUPlSeKaPTJUzV1kvhD+ZqVKPI5tHy+d99Hl6Rlz1IwAi97snYkbRCBKQwrhl5QXr1tQ/WFxnJXo7y/VstLfUp29e0vn7sgAgQtE5CNK4GnJTGPVa8ZR5/rJzGH95FEuTYKX1gVaHRTFBNBYrNg6Vz3jSIwhWHVTCtMdRmKRBJCE+O3gBbLDeI7KYNrm803unTVhx0lZjogUoFCGiQOXIJItkiKaK8YH2uBtDQwXP+SdoLAWIZFgjbit4xQbpKFsS/xPnoKMk3iy4UndAyJoAIJVp689vVFddxzp0u6X8PV+xjhVfFq11ZUddxM863NIzCWYflKOIBAZoFYRrsJHJz7ENs5QQ/VCZzb4rj5has0gSapClcFpJwlr08YU/C58vqxuXLrV4IumzkGAmMZVtRfHToJ0Utdx1n6Ds0TPyrcFtJ6M/9uaEr/wtWPVMxLm/mjC8NQiX1+tLKHVSAwlmGR2tebnD9Q4vnMcZQiovxObqOm6sd+8lSLIXE/H0ta/ObfFtQz5BroC5myfkhVXSW15hidSVbmskIMIU7BSzPNOeaWbVZGYCzD6ipZ1WeYeKTz8RAlT/Bq0rwIcICQ6hcrnCekWdYTN5GliQrPxCD6Qy3TuSy9ChvqbyzDwvyNn0wMc+gzddLcolzNE7QPWnWegVlh1ve5qihoQaaNY8XPUZKLuD5cEKCPlvCZ3Bd11nyXrYxlWAYGsYR8DP56yG+4ISDikw+J3OTnSDq3FAt99y6RXO+kSOdCPvvogHvMkmcYXNCh2YFHHCqZHpZyn1jvauXIDiIwlWFZ49cubgkW6Z6n5Ho2XqxixMj6OGLONQMYJxkYvLR3rLqVc80x250JgVoMa6bhZbMTEUA/xPXd0zGZFSFXZEfwqoRjjmcivPn60ggkw1oa8eX6w+p33xUxK4ZCpAJ6M6PMX7bcfthFT8mwdrGMHzeJmPqHB14u6ZZHmu41i4XSxygiWaE6SPXBkRZli90mw9riqnWPmZzoFB41IszJ+111t1D3CZTqxAl6yYoA96ycXBfn3beWDGufSxwD04nzxHt8aUJXhZ+dLxCRflZLr8KO+kuGtaPFLFOJVWaoTENVmqWI6x+5qyhSEYmr6llLDST72R8CybD2t6ZNUQhz19fDD49wH7JuEI4VKZXr+9tnR5lRMqyjwD5rp00Kd5LyvbByryTII/vGqaXic1Pz6KjQVWUwe2XwT2pzybD2t/JNDOtNpRr30NniEHxFSaeUF6k8Q1K/20rCp6qJzpf0tsxjNhTqfL4PAv8H4MHG8SXqfEsAAAAASUVORK5CYII=');

/*Table structure for table `inspection` */

DROP TABLE IF EXISTS `inspection`;

CREATE TABLE `inspection` (
  `inspectionId` int DEFAULT NULL COMMENT 'Id foranea de la inspeccion',
  `subSpecificationsId` int DEFAULT NULL COMMENT 'Id foranea de las subespecificaciones',
  `conventionId` int DEFAULT NULL COMMENT 'Id foranea de las convenciones',
  KEY `conventionId` (`conventionId`),
  KEY `inspectionId` (`inspectionId`),
  KEY `subSpecificationsId` (`subSpecificationsId`),
  CONSTRAINT `inspection_ibfk_1` FOREIGN KEY (`conventionId`) REFERENCES `conventions` (`idConvention`),
  CONSTRAINT `inspection_ibfk_2` FOREIGN KEY (`inspectionId`) REFERENCES `inspectiondata` (`idInspection`),
  CONSTRAINT `inspection_ibfk_3` FOREIGN KEY (`subSpecificationsId`) REFERENCES `subspecifications` (`idSubspecification`)
) ENGINE=InnoDB DEFAULT CHARSET=utf8mb4 COLLATE=utf8mb4_general_ci;

/*Data for the table `inspection` */

insert  into `inspection`(`inspectionId`,`subSpecificationsId`,`conventionId`) values 
(159,1,1),
(159,2,1),
(159,3,1),
(159,4,1),
(159,5,1),
(160,1,2),
(160,2,2),
(160,3,3),
(160,4,3),
(160,5,1),
(161,1,1),
(161,2,2),
(161,3,2),
(161,4,3),
(161,5,3),
(161,6,1),
(161,7,2),
(161,8,2),
(161,9,1),
(161,10,2),
(161,11,3),
(161,12,1),
(161,13,2),
(161,14,2),
(161,15,1),
(161,16,2),
(161,17,3),
(161,18,3),
(161,19,3),
(161,20,1),
(161,21,1),
(161,22,2),
(161,23,2),
(161,24,1),
(161,25,1),
(161,26,1),
(161,27,1),
(161,28,2),
(161,29,3),
(161,30,1),
(161,31,1),
(161,32,2),
(161,33,3),
(161,34,3),
(161,35,2),
(161,36,1),
(161,37,2),
(161,38,3),
(161,39,2),
(161,40,1),
(161,41,2),
(161,42,2),
(161,43,3),
(161,44,3),
(161,45,3),
(161,46,1),
(161,47,2),
(161,48,2),
(161,49,3),
(161,50,1),
(161,51,2),
(161,52,2),
(161,53,1),
(161,54,2),
(161,55,3),
(161,56,3),
(161,57,3),
(161,58,1),
(161,59,3),
(161,60,3),
(161,61,3),
(161,62,2),
(161,63,2),
(161,64,1),
(161,65,1),
(161,66,2),
(161,67,2),
(161,68,2),
(161,69,2),
(161,70,2),
(161,71,3),
(161,72,3),
(161,73,1),
(161,74,1),
(161,75,3),
(161,76,3),
(161,77,1),
(161,78,1),
(161,79,2),
(161,80,2),
(161,81,3),
(161,82,1),
(161,83,2),
(161,84,1),
(161,85,2),
(161,86,3),
(161,87,3),
(161,88,1),
(161,89,1),
(161,90,3),
(161,91,1),
(161,92,1),
(161,93,1),
(161,94,2),
(161,95,2),
(161,96,1),
(161,97,1),
(161,98,1),
(161,99,2),
(161,100,2),
(161,101,2),
(161,102,3),
(161,103,3),
(161,104,2),
(161,105,2);

/*Table structure for table `inspectiondata` */

DROP TABLE IF EXISTS `inspectiondata`;

CREATE TABLE `inspectiondata` (
  `idInspection` int NOT NULL AUTO_INCREMENT COMMENT 'Id de datos de inspeccion',
  `driverId` int DEFAULT NULL COMMENT 'Id foranea de los conductores(cedula)',
  `licensePlateId` varchar(20) CHARACTER SET utf16 COLLATE utf16_general_ci DEFAULT NULL COMMENT 'Id foranea de la placa de los vehiculos',
  `date` varchar(20) COLLATE utf8mb4_general_ci DEFAULT NULL COMMENT 'Fecha de cuando se realiza la inspeccion',
  PRIMARY KEY (`idInspection`),
  KEY `driverId` (`driverId`),
  KEY `licensePlateId` (`licensePlateId`),
  CONSTRAINT `inspectiondata_ibfk_1` FOREIGN KEY (`driverId`) REFERENCES `drivers` (`idDriver`),
  CONSTRAINT `inspectiondata_ibfk_3` FOREIGN KEY (`licensePlateId`) REFERENCES `vehicleinformation` (`idLicensePlate`)
) ENGINE=InnoDB AUTO_INCREMENT=162 DEFAULT CHARSET=utf8mb4 COLLATE=utf8mb4_general_ci;

/*Data for the table `inspectiondata` */

insert  into `inspectiondata`(`idInspection`,`driverId`,`licensePlateId`,`date`) values 
(159,18126775,'asd','2023-12-04'),
(160,18126775,'asd','2023-12-03'),
(161,18126775,'asd','2023-12-06');

/*Table structure for table `licensecategory` */

DROP TABLE IF EXISTS `licensecategory`;

CREATE TABLE `licensecategory` (
  `idLicenseCategory` int NOT NULL AUTO_INCREMENT COMMENT 'Id de la categoria',
  `category` varchar(20) COLLATE utf8mb4_general_ci DEFAULT NULL COMMENT 'Categoria de la licencia',
  PRIMARY KEY (`idLicenseCategory`)
) ENGINE=InnoDB AUTO_INCREMENT=15 DEFAULT CHARSET=utf8mb4 COLLATE=utf8mb4_general_ci;

/*Data for the table `licensecategory` */

insert  into `licensecategory`(`idLicenseCategory`,`category`) values 
(1,'A1'),
(2,'A2'),
(3,'B1'),
(4,'B2'),
(5,'B3'),
(6,'C1'),
(7,'C2'),
(8,'C3'),
(9,'C4'),
(10,'D1'),
(11,'D2'),
(12,'D3'),
(13,'E1'),
(14,'E2');

/*Table structure for table `specifications` */

DROP TABLE IF EXISTS `specifications`;

CREATE TABLE `specifications` (
  `idSpecifications` int NOT NULL COMMENT 'Id de la especificacion',
  `specification` varchar(255) CHARACTER SET utf16 COLLATE utf16_general_ci NOT NULL COMMENT 'Detalle de la especificacion',
  PRIMARY KEY (`idSpecifications`)
) ENGINE=InnoDB DEFAULT CHARSET=utf8mb4 COLLATE=utf8mb4_general_ci;

/*Data for the table `specifications` */

insert  into `specifications`(`idSpecifications`,`specification`) values 
(1,'NIVELES'),
(2,'LLANTAS'),
(3,'SISTEMA MECANICO Y AMARRES'),
(4,'LUCES'),
(5,'ELECTRICO'),
(6,'CABINA'),
(7,'VIDRIOS'),
(8,'TANQUE'),
(9,'CONDICIONES GENERALES'),
(10,'SISTEMA DE SEGURIDAD'),
(11,'KIT DE CONTINGENCIA');

/*Table structure for table `subspecifications` */

DROP TABLE IF EXISTS `subspecifications`;

CREATE TABLE `subspecifications` (
  `idSubspecification` int NOT NULL AUTO_INCREMENT COMMENT 'Id de la subespecificaciones',
  `subSpecification` varchar(255) CHARACTER SET utf16 COLLATE utf16_general_ci DEFAULT NULL COMMENT 'Detalle de la subespecificaciones',
  `specificationId` int DEFAULT NULL COMMENT 'Id foranea de especificaciones',
  PRIMARY KEY (`idSubspecification`),
  KEY `especificacion_id` (`specificationId`),
  CONSTRAINT `subspecifications_ibfk_1` FOREIGN KEY (`specificationId`) REFERENCES `specifications` (`idSpecifications`),
  CONSTRAINT `subspecifications_ibfk_2` FOREIGN KEY (`specificationId`) REFERENCES `specifications` (`idSpecifications`)
) ENGINE=InnoDB AUTO_INCREMENT=637 DEFAULT CHARSET=utf8mb4 COLLATE=utf8mb4_general_ci;

/*Data for the table `subspecifications` */

insert  into `subspecifications`(`idSubspecification`,`subSpecification`,`specificationId`) values 
(1,'NIVEL DE ACPM',1),
(2,'AGUA RADIADOR (SE-DT-TC)',1),
(3,'ACEITE MOTOR (SE-DT-TC)',1),
(4,'AGUA LIMPIABRISAS (SE-DT-TC)',1),
(5,'ACEITE HIDRAULICO (SE-DT-TC)',1),
(6,'REVISION DE LABRADO (DT-TC)		',2),
(7,'INSP. PRESION LLANTAS DE AIRE (DT-TC)',2),
(8,'REVISION LLANTAS DE REPUESTO (DT-TC)',2),
(9,'FRENOS Y MANGUERAS (SE-DT-TC)',3),
(10,'CORREAS VENTILADOR Y ALTERNADOR (SE-DT-TC)',3),
(11,'EMBRAGUE (SE-DT-TC)',3),
(12,'SISTEMA DIRECCION (SE-DT-TC)',3),
(13,'DRENADO DEL TANQUE DE AIRE (SE-DT-TC)',3),
(14,'CALIBRACION DE REACHES DE LOS FRENOS (SE-DT-TC)',3),
(15,'QUINTA RUEDA (SEGURO) (TC)',3),
(16,'SUSPECION AMORTIGUADORES (SE-DT-TC)',3),
(17,'FRONTALES (SE-DT-TC)',4),
(18,'TRASERAS (SE-DT-TC)',4),
(19,'LATERALES (SE-DT-TC)',4),
(20,'DIRECCIONALES (SE-DT-TC)',4),
(21,'REVERSA (SE-DT-TC)',4),
(22,'PARQUEO (SE-DT-TC)',4),
(23,'LUZ PLACA (SE-DT-TC)',4),
(24,'FRENO (SE-DT-TC)',4),
(25,'BATERIAS - BORNES - AGUA (DT-TC)',5),
(26,'INDICADORES DE TABLERO (DT-TC)',5),
(27,'CABLES ELECTRICOS (DT-TC)',5),
(28,'PITO (SE-DT-TC)',6),
(29,'PITO REVERSA (SE-DT-TC)',6),
(30,'AIRE ACONDICIONADO (SE-DT-TC)',6),
(31,'RADIO (SE-DT-TC)',6),
(32,'MANDOS MANUALES (SE-DT-TC)',6),
(33,'PEDALES - TAPICERIA (SE-DT-TC)',6),
(34,'PARABRISA (SE-DT-TC)',7),
(35,'LIMPIABRISAS (SE-DT-TC)',7),
(36,'PUERTAS (SE-DT-TC)',7),
(37,'TAPAS (SE-DT-TC)',8),
(38,'ENPAQUETADURA (SE-DT-TC)',8),
(39,'SISTEMA ELECTRICO (SE-DT-TC)',8),
(40,'CORTINAS (SE-DT-TC)',8),
(41,'LINEA DE VIDA (SE-DT-TC)',8),
(42,'ETIQUETADO (SE-DT-TC)',8),
(43,'INSPECCION KING PIN (TC)',8),
(44,'BISICLETEROS (SE-DT-TC)',8),
(45,'PASARELA-BATEA-VALVULA DE DESCARGA (SE-DT-TC)',8),
(46,'PUNTO DE CONEXIÓN ESTATICA (SE-DT-TC)',8),
(47,'MUELLES TRASEROS Y DELANTERO (SE-DT-TC)',8),
(48,'BALANCINES (SE-DT-TC)',8),
(49,'CONECTOR 7 VIAS (TC)',8),
(50,'ESPEJOS LATERALES (SE-DT-TC)',9),
(51,'ESTADO GENERAL DE LATONERIA Y PINTURA (SE-DT-TC)',9),
(52,'SEGUROS PUERTAS (SE-DT-TC)',9),
(53,'EXTINTOR ( VERIFICAR QUE ESTE PRESURIZADO)',10),
(54,'BOTIQUIN',10),
(55,'CINTURONES DE SEGURIDAD									\r\n',10),
(56,'KIT DE LLAVES									\r\n',10),
(57,'CALIBRADOR DE LLANTAS									\r\n',10),
(58,'COPA DE RUEDA									\r\n',10),
(59,'HOMBRE SOLO 									\r\n',10),
(60,'LLAVE EXPANSIVA									\r\n',10),
(61,'DESTORNILALDOR ESTRELLA - PALA									\r\n',10),
(62,'SEÑALES ( TRIANGULOS O CONOS)									\r\n',10),
(63,'TACOS									\r\n',10),
(64,'ARNES Y ESLINGA 									\r\n',10),
(65,'GATO CON CRUCETA									\r\n',10),
(66,'LINTERNA ANTICHISPA									\r\n',10),
(67,'PALETA PAREY SIGA									\r\n',10),
(68,'BALIZA ( LICUADORA )									\r\n',10),
(69,'ASEO DE VEHICULO									\r\n',10),
(70,'APOYA CABEZAS DELANTEROS									\r\n',10),
(71,'SILLAS Y COJINERIA									\r\n',10),
(72,'MANGUERA DE AIRE									\r\n',10),
(73,'ALICATE									\r\n',10),
(74,'GPS									\r\n',10),
(75,'PAÑOS ABSORBENTES ( 50 UNIDADES)									\r\n',11),
(76,'MATERIAL ABSORBENTE (GEOCAT O HTP) (MÍNIMO 1 BULTO)									\r\n',11),
(77,'PALA ANTICHISPA CON CABO									\r\n',11),
(78,'PICO CON CABO									\r\n',11),
(79,'MASILLA EPÓXICA (RALLY)									\r\n',11),
(80,'CINTA DEMARCACIÓN (MÍNIMO 30 METROS)									\r\n',11),
(81,'MARTILLO DE HULE (1 UNIDAD)									\r\n',11),
(82,'BALDE PLÁSTICO CAPACIDAD MÍN. 10 LITROS (MÍNIMO 1)									\r\n',11),
(83,'PLÁSTICO GRUESO (MÍNINO  5  M2)									\r\n',11),
(84,'CORDÓN PARA ATAR (MÍNINO 1 ROLLO X 100 M)									\r\n',11),
(85,'ESTOPAS (5 UNIDADES)									\r\n',11),
(86,'CUÑAS DE MADERA (MÍNIMO 4 UNIDADES)									\r\n',11),
(87,'GUANTES EN NITRILO (MÍNIMO 3 PARES)									\r\n',11),
(88,'LONAS (MÍNIMO 4 UNIDADES)									\r\n',11),
(89,'BARRERA DE CONTENCIÓN DE 5\" O 8\" (MÍNIMO 1 BARRERA)									\r\n',11),
(90,'ALICATE CON CORTADOR PARA ALAMBRE.									\r\n',11),
(91,'ROLLO DE ALAMBRE DULCE (1 ROLLO)									\r\n',11),
(92,'DESENGRASANTE (MÍNIMO 1 LITRO)									\r\n',11),
(93,'DESTORNILLADORES DE DIVERSOS TAMAÑOS									\r\n',11),
(94,'NAVAJA Y/O MACHETE									\r\n',11),
(95,'BOLSAS PLÁSTICAS ROJAS (MÍN: 5 C/U)									\r\n',11),
(96,'BOLSAS PLÁSTICAS VERDES (MÍN: 5 C/U)									\r\n',11),
(97,'BOLSAS PLÁSTICAS  NEGRAS (MÍN: 5 C/U)									\r\n',11),
(98,'JABÓN EN BARRA (JABÓN REY)									\r\n',11),
(99,'TRAJES TYVEK (2 UNIDADES)									\r\n',11),
(100,'CLAVOS VARIADOS									\r\n',11),
(101,'TORNILLOS EN T Y TUERCAS MARIPOSA									\r\n',11),
(102,'ARANDELAS PLANAS Y DE PRESIÓN									\r\n',11),
(103,'GANCHO PARA HALAR									\r\n',11),
(104,'GUAYA O CADENA PARA HALAR									\r\n',11),
(105,'CUENTA CON EL DOCUMENTO DE APROBACION POR PARTE DE LA ENTIDAD AMBIENTAL									\r\n',11);

/*Table structure for table `vehicleinformation` */

DROP TABLE IF EXISTS `vehicleinformation`;

CREATE TABLE `vehicleinformation` (
  `idLicensePlate` varchar(20) CHARACTER SET utf16 COLLATE utf16_general_ci NOT NULL COMMENT 'Id de la placa del vehiculo',
  `driverId` int DEFAULT NULL COMMENT 'Id foranea del conductor(cedula)',
  `vehicleType` varchar(20) COLLATE utf8mb4_general_ci DEFAULT NULL COMMENT 'Tipo de vehiculo',
  `driversLicenseExpiration` varchar(20) COLLATE utf8mb4_general_ci DEFAULT NULL COMMENT 'Vencimiento licencia de conduccion',
  `technomechanicsReviewExpiry` varchar(20) COLLATE utf8mb4_general_ci DEFAULT NULL COMMENT 'Vencimiento revision tenico mecanica',
  `soatExpiration` varchar(20) COLLATE utf8mb4_general_ci DEFAULT NULL COMMENT 'Vencimiento de soat',
  `expiryLifeLine` varchar(20) COLLATE utf8mb4_general_ci DEFAULT NULL COMMENT 'Vencimiento linea de vida',
  `expiryCivilLiabilityPolicy` varchar(20) CHARACTER SET utf8mb4 COLLATE utf8mb4_general_ci DEFAULT NULL COMMENT 'Vencimiento poliza de responsabilidad civil',
  `expiryCivilHydrocarbonsPolicy` varchar(20) COLLATE utf8mb4_general_ci DEFAULT NULL COMMENT 'Vencimiento poliza civil hidrocarburos',
  `idTrailerPlate` varchar(20) CHARACTER SET utf16 COLLATE utf16_general_ci DEFAULT NULL COMMENT 'Id de la placa trailer',
  `capacityTable` varchar(20) CHARACTER SET utf16 COLLATE utf16_general_ci DEFAULT NULL COMMENT 'Tabla de aforo',
  `hydrostaticExpiration` varchar(20) COLLATE utf8mb4_general_ci DEFAULT NULL COMMENT 'Vencimiento hidroestatica',
  `expiryFifthWheel` varchar(20) COLLATE utf8mb4_general_ci DEFAULT NULL COMMENT 'Vencimiento quinta rueda',
  `kingPinExpiry` varchar(20) COLLATE utf8mb4_general_ci DEFAULT NULL COMMENT 'Vencimiento king pin',
  PRIMARY KEY (`idLicensePlate`),
  KEY `driverId` (`driverId`),
  KEY `vehicleTypeId` (`vehicleType`),
  CONSTRAINT `vehicleinformation_ibfk_1` FOREIGN KEY (`driverId`) REFERENCES `drivers` (`idDriver`)
) ENGINE=InnoDB DEFAULT CHARSET=utf8mb4 COLLATE=utf8mb4_general_ci;

/*Data for the table `vehicleinformation` */

insert  into `vehicleinformation`(`idLicensePlate`,`driverId`,`vehicleType`,`driversLicenseExpiration`,`technomechanicsReviewExpiry`,`soatExpiration`,`expiryLifeLine`,`expiryCivilLiabilityPolicy`,`expiryCivilHydrocarbonsPolicy`,`idTrailerPlate`,`capacityTable`,`hydrostaticExpiration`,`expiryFifthWheel`,`kingPinExpiry`) values 
('asd',18126775,'avion','2023-12-04','2023-12-04','2023-12-04','2023-12-04','2023-12-04','2023-12-04','asdasd','asdasd1','2023-12-04','2023-12-04','2023-12-04'),
('WLV886',69008212,'Tracto camion','2023-12-03','2023-12-03','2023-12-03','2023-12-03','2023-12-03','2023-12-03','12312','asjhkdlkjashd','2023-12-03','2023-12-03','2023-12-03');

/*!40101 SET SQL_MODE=@OLD_SQL_MODE */;
/*!40014 SET FOREIGN_KEY_CHECKS=@OLD_FOREIGN_KEY_CHECKS */;
/*!40014 SET UNIQUE_CHECKS=@OLD_UNIQUE_CHECKS */;
/*!40111 SET SQL_NOTES=@OLD_SQL_NOTES */;
